{"n_iters": 1000, "AUC of ROC": {"value": 0.8483236919696409, "mean": 0.8477792324323948, "median": 0.8478269466114765, "std": 0.01001971902013943, "2.5% percentile": 0.827768319270538, "97.5% percentile": 0.8663021478979599}, "AUC of PRC": {"value": 0.4811392928309928, "mean": 0.4816059384240193, "median": 0.4831526733601498, "std": 0.027678235778528883, "2.5% percentile": 0.42697215952070844, "97.5% percentile": 0.534946254551431}, "min(+P, Se)": {"value": 0.46524064171123, "mean": 0.47056246854243944, "median": 0.47058823529411764, "std": 0.02244410239299252, "2.5% percentile": 0.4277913079822848, "97.5% percentile": 0.5150014048706539}}