{"acc": 0.8847489953041077, "prec0": 0.8975859880447388, "prec1": 0.6745561957359314, "rec0": 0.9783362150192261, "rec1": 0.28686460852622986, "auroc": 0.8631419731643107, "auprc": 0.5509184851655343, "minpse": 0.5314544539506794}